order_id,order_date,country_code,number_of_items,unit_price,order_value,discount_rate,discount_amount,discounted_value,vat_rate,vat_amount,order_total
1,2025-01-08,DK,13,225.05,2925.65,0.03,87.77,2837.88,0.25,709.47,3547.35
2,2025-01-22,BE,72,223.58,16097.76,0.1,1609.78,14487.98,0.21,3042.48,17530.46
3,2025-01-02,FR,45,181.24,8155.8,0.07,570.91,7584.89,0.2,1516.98,9101.87
4,2025-01-17,DK,48,73.41,3523.68,0.03,105.71,3417.97,0.25,854.49,4272.46
5,2025-01-23,FR,14,172.76,2418.64,0.03,72.56,2346.08,0.2,469.22,2815.3
6,2025-01-19,FR,215,73.93,15894.95,0.1,1589.5,14305.45,0.2,2861.09,17166.55
7,2025-01-06,DE,4,230.05,920.2,0.0,0.0,920.2,0.19,174.84,1095.04
8,2025-01-07,NL,175,90.58,15851.5,0.1,1585.15,14266.35,0.21,2995.93,17262.28
9,2025-01-04,DE,53,36.9,1955.7,0.03,58.67,1897.03,0.19,360.44,2257.46
10,2025-01-26,DE,177,185.08,32759.16,0.1,3275.92,29483.24,0.19,5601.82,35085.06
11,2025-02-04,DK,374,143.23,53568.02,0.15,8035.2,45532.82,0.25,11383.2,56916.02
12,2025-02-27,NL,41,170.09,6973.69,0.05,348.68,6625.01,0.21,1391.25,8016.26
13,2025-02-23,FR,186,177.43,33001.98,0.1,3300.2,29701.78,0.2,5940.36,35642.14
14,2025-02-25,DK,24,201.77,4842.48,0.03,145.27,4697.21,0.25,1174.3,5871.51
15,2025-02-28,DE,41,258.04,10579.64,0.1,1057.96,9521.68,0.19,1809.12,11330.79
16,2025-02-21,DK,195,90.61,17668.95,0.1,1766.9,15902.06,0.25,3975.51,19877.57
17,2025-02-07,DE,84,117.35,9857.4,0.07,690.02,9167.38,0.19,1741.8,10909.18
18,2025-02-21,DE,360,281.63,101386.8,0.15,15208.02,86178.78,0.19,16373.97,102552.75
19,2025-02-18,DK,312,194.14,60571.68,0.15,9085.75,51485.93,0.25,12871.48,64357.41
20,2025-02-09,BE,84,144.06,12101.04,0.1,1210.1,10890.94,0.21,2287.1,13178.03
21,2025-03-27,FR,113,208.54,23565.02,0.1,2356.5,21208.52,0.2,4241.7,25450.22
22,2025-03-26,DK,118,248.32,29301.76,0.1,2930.18,26371.58,0.25,6592.9,32964.48
23,2025-03-07,DE,206,87.64,18053.84,0.1,1805.38,16248.46,0.19,3087.21,19335.66
24,2025-03-21,FR,368,101.26,37263.68,0.1,3726.37,33537.31,0.2,6707.46,40244.77
25,2025-03-21,NL,203,266.56,54111.68,0.15,8116.75,45994.93,0.21,9658.93,55653.86
26,2025-03-08,NL,74,86.82,6424.68,0.05,321.23,6103.45,0.21,1281.72,7385.17
27,2025-03-19,FR,276,86.2,23791.2,0.1,2379.12,21412.08,0.2,4282.42,25694.5
28,2025-03-08,NL,299,125.83,37623.17,0.1,3762.32,33860.85,0.21,7110.78,40971.63
29,2025-03-25,BE,261,153.12,39964.32,0.1,3996.43,35967.89,0.21,7553.26,43521.14
30,2025-03-06,DK,57,54.32,3096.24,0.03,92.89,3003.35,0.25,750.84,3754.19
31,2025-04-13,NL,306,28.42,8696.52,0.07,608.76,8087.76,0.21,1698.43,9786.19
32,2025-04-18,FR,240,163.44,39225.6,0.1,3922.56,35303.04,0.2,7060.61,42363.65
33,2025-04-22,DK,349,219.01,76434.49,0.15,11465.17,64969.32,0.25,16242.33,81211.65
34,2025-04-21,FR,385,87.38,33641.3,0.1,3364.13,30277.17,0.2,6055.43,36332.6
35,2025-04-06,DE,58,95.12,5516.96,0.05,275.85,5241.11,0.19,995.81,6236.92
36,2025-04-24,NL,2,286.61,573.22,0.0,0.0,573.22,0.21,120.38,693.6
37,2025-04-17,DE,257,230.97,59359.29,0.15,8903.89,50455.4,0.19,9586.53,60041.92
38,2025-04-21,DK,321,96.55,30992.55,0.1,3099.26,27893.29,0.25,6973.32,34866.62
39,2025-04-12,FR,312,67.68,21116.16,0.1,2111.62,19004.54,0.2,3800.91,22805.45
40,2025-04-17,BE,277,286.51,79363.27,0.15,11904.49,67458.78,0.21,14166.34,81625.12
41,2025-05-01,DK,307,104.01,31931.07,0.1,3193.11,28737.96,0.25,7184.49,35922.45
42,2025-05-27,DK,186,264.83,49258.38,0.1,4925.84,44332.54,0.25,11083.14,55415.68
43,2025-05-19,DE,123,26.8,3296.4,0.03,98.89,3197.51,0.19,607.53,3805.03
44,2025-05-27,DK,44,222.25,9779.0,0.07,684.53,9094.47,0.25,2273.62,11368.09
45,2025-05-05,DK,390,164.48,64147.2,0.15,9622.08,54525.12,0.25,13631.28,68156.4
46,2025-05-18,BE,338,147.83,49966.54,0.1,4996.65,44969.89,0.21,9443.68,54413.56
47,2025-05-20,BE,136,163.03,22172.08,0.1,2217.21,19954.87,0.21,4190.52,24145.4
48,2025-05-25,NL,109,279.38,30452.42,0.1,3045.24,27407.18,0.21,5755.51,33162.69
49,2025-05-22,BE,366,100.4,36746.4,0.1,3674.64,33071.76,0.21,6945.07,40016.83
50,2025-05-15,DE,225,270.89,60950.25,0.15,9142.54,51807.71,0.19,9843.47,61651.18
51,2025-06-11,DK,127,75.16,9545.32,0.07,668.17,8877.15,0.25,2219.29,11096.43
52,2025-06-19,DK,302,170.64,51533.28,0.15,7729.99,43803.29,0.25,10950.82,54754.11
53,2025-06-21,BE,4,30.59,122.36,0.0,0.0,122.36,0.21,25.7,148.06
54,2025-06-02,DK,118,29.55,3486.9,0.03,104.61,3382.29,0.25,845.57,4227.87
55,2025-06-09,DE,37,159.11,5887.07,0.05,294.35,5592.72,0.19,1062.62,6655.33
56,2025-06-24,NL,110,166.38,18301.8,0.1,1830.18,16471.62,0.21,3459.04,19930.66
57,2025-06-26,FR,296,147.07,43532.72,0.1,4353.27,39179.45,0.2,7835.89,47015.34
58,2025-06-04,NL,209,65.22,13630.98,0.1,1363.1,12267.88,0.21,2576.26,14844.14
59,2025-06-15,NL,182,132.84,24176.88,0.1,2417.69,21759.19,0.21,4569.43,26328.62
60,2025-06-21,DK,345,199.5,68827.5,0.15,10324.12,58503.38,0.25,14625.84,73129.22
61,2025-07-11,DK,32,126.76,4056.32,0.03,121.69,3934.63,0.25,983.66,4918.29
62,2025-07-18,DK,128,65.56,8391.68,0.07,587.42,7804.26,0.25,1951.07,9755.33
63,2025-07-09,NL,72,132.35,9529.2,0.07,667.04,8862.16,0.21,1861.05,10723.21
64,2025-07-03,NL,128,263.6,33740.8,0.1,3374.08,30366.72,0.21,6377.01,36743.73
65,2025-07-21,NL,282,38.39,10825.98,0.1,1082.6,9743.38,0.21,2046.11,11789.49
66,2025-07-25,FR,8,291.01,2328.08,0.03,69.84,2258.24,0.2,451.65,2709.89
67,2025-07-16,BE,86,127.86,10995.96,0.1,1099.6,9896.36,0.21,2078.24,11974.6
68,2025-07-06,BE,206,271.71,55972.26,0.15,8395.84,47576.42,0.21,9991.05,57567.47
69,2025-07-09,NL,2,295.74,591.48,0.0,0.0,591.48,0.21,124.21,715.69
70,2025-07-24,NL,147,132.67,19502.49,0.1,1950.25,17552.24,0.21,3685.97,21238.21
71,2025-08-05,FR,339,218.34,74017.26,0.15,11102.59,62914.67,0.2,12582.93,75497.61
72,2025-08-02,BE,152,73.13,11115.76,0.1,1111.58,10004.18,0.21,2100.88,12105.06
73,2025-08-24,FR,377,167.24,63049.48,0.15,9457.42,53592.06,0.2,10718.41,64310.47
74,2025-08-16,DE,30,24.54,736.2,0.0,0.0,736.2,0.19,139.88,876.08
75,2025-08-17,FR,272,55.66,15139.52,0.1,1513.95,13625.57,0.2,2725.11,16350.68
76,2025-08-03,DK,96,29.87,2867.52,0.03,86.03,2781.49,0.25,695.37,3476.87
77,2025-08-19,BE,207,44.77,9267.39,0.07,648.72,8618.67,0.21,1809.92,10428.59
78,2025-08-20,BE,297,182.41,54175.77,0.15,8126.37,46049.4,0.21,9670.37,55719.78
79,2025-08-19,DK,215,200.64,43137.6,0.1,4313.76,38823.84,0.25,9705.96,48529.8
80,2025-08-07,FR,162,281.06,45531.72,0.1,4553.17,40978.55,0.2,8195.71,49174.26
81,2025-09-05,DE,123,87.03,10704.69,0.1,1070.47,9634.22,0.19,1830.5,11464.72
82,2025-09-25,DE,235,101.69,23897.15,0.1,2389.71,21507.43,0.19,4086.41,25593.85
83,2025-09-19,DK,5,142.9,714.5,0.0,0.0,714.5,0.25,178.62,893.12
84,2025-09-17,DK,38,165.91,6304.58,0.05,315.23,5989.35,0.25,1497.34,7486.69
85,2025-09-03,DE,68,280.65,19084.2,0.1,1908.42,17175.78,0.19,3263.4,20439.18
86,2025-09-15,BE,190,92.65,17603.5,0.1,1760.35,15843.15,0.21,3327.06,19170.21
87,2025-09-26,FR,361,97.73,35280.53,0.1,3528.05,31752.48,0.2,6350.5,38102.97
88,2025-09-18,FR,5,203.68,1018.4,0.03,30.55,987.85,0.2,197.57,1185.42
89,2025-09-05,DE,340,40.04,13613.6,0.1,1361.36,12252.24,0.19,2327.93,14580.17
90,2025-09-24,DE,60,268.02,16081.2,0.1,1608.12,14473.08,0.19,2749.89,17222.97
91,2025-10-20,FR,80,88.98,7118.4,0.07,498.29,6620.11,0.2,1324.02,7944.13
92,2025-10-22,BE,368,109.44,40273.92,0.1,4027.39,36246.53,0.21,7611.77,43858.3
93,2025-10-28,DE,259,151.67,39282.53,0.1,3928.25,35354.28,0.19,6717.31,42071.59
94,2025-10-27,DK,48,193.94,9309.12,0.07,651.64,8657.48,0.25,2164.37,10821.85
95,2025-10-25,DE,23,11.03,253.69,0.0,0.0,253.69,0.19,48.2,301.89
96,2025-10-06,BE,327,294.14,96183.78,0.15,14427.57,81756.21,0.21,17168.8,98925.02
97,2025-10-18,NL,283,214.64,60743.12,0.15,9111.47,51631.65,0.21,10842.65,62474.3
98,2025-10-23,DK,58,31.82,1845.56,0.03,55.37,1790.19,0.25,447.55,2237.74
99,2025-10-12,BE,280,20.45,5726.0,0.05,286.3,5439.7,0.21,1142.34,6582.04
100,2025-10-05,FR,283,52.95,14984.85,0.1,1498.49,13486.36,0.2,2697.27,16183.64
101,2025-11-26,DK,158,115.75,18288.5,0.1,1828.85,16459.65,0.25,4114.91,20574.56
102,2025-11-08,DK,184,70.92,13049.28,0.1,1304.93,11744.35,0.25,2936.09,14680.44
103,2025-11-28,DK,182,236.23,42993.86,0.1,4299.39,38694.47,0.25,9673.62,48368.09
104,2025-11-08,NL,318,227.35,72297.3,0.15,10844.59,61452.71,0.21,12905.07,74357.77
105,2025-11-01,BE,91,265.61,24170.51,0.1,2417.05,21753.46,0.21,4568.23,26321.69
106,2025-11-26,BE,378,278.1,105121.8,0.15,15768.27,89353.53,0.21,18764.24,108117.77
107,2025-11-26,NL,343,260.58,89378.94,0.15,13406.84,75972.1,0.21,15954.14,91926.24
108,2025-11-23,BE,137,56.17,7695.29,0.07,538.67,7156.62,0.21,1502.89,8659.51
109,2025-11-28,DK,196,262.93,51534.28,0.15,7730.14,43804.14,0.25,10951.03,54755.17
110,2025-11-15,NL,114,67.88,7738.32,0.07,541.68,7196.64,0.21,1511.29,8707.93
111,2025-12-28,DE,157,247.96,38929.72,0.1,3892.97,35036.75,0.19,6656.98,41693.73
112,2025-12-07,BE,115,16.86,1938.9,0.03,58.17,1880.73,0.21,394.95,2275.69
113,2025-12-03,NL,169,90.79,15343.51,0.1,1534.35,13809.16,0.21,2899.92,16709.08
114,2025-12-13,DE,180,196.03,35285.4,0.1,3528.54,31756.86,0.19,6033.8,37790.66
115,2025-12-04,FR,170,282.38,48004.6,0.1,4800.46,43204.14,0.2,8640.83,51844.97
116,2025-12-09,DE,92,178.37,16410.04,0.1,1641.0,14769.04,0.19,2806.12,17575.15
117,2025-12-12,DK,56,183.01,10248.56,0.1,1024.86,9223.7,0.25,2305.93,11529.63
118,2025-12-17,DE,224,185.8,41619.2,0.1,4161.92,37457.28,0.19,7116.88,44574.16
119,2025-12-07,DK,198,270.86,53630.28,0.15,8044.54,45585.74,0.25,11396.43,56982.17
120,2025-12-01,DE,23,215.55,4957.65,0.03,148.73,4808.92,0.19,913.69,5722.62
